Name,Location,Coordinates,League,Links
DeMar DeRozan,United States,"(37.0902, -95.7129)",NBA,https://instagram.com/demar_derozan
Hamidou Diallo,United States,"(37.0902, -95.7129)",NBA,https://instagram.com/hami.diallo
Jeremy Evans,United States,"(37.0902, -95.7129)",NBA,https://instagram.com/evansart21
Aaron Gordon,United States,"(37.0902, -95.7129)",NBA,https://instagram.com/aarongordon
Gerald Green,United States,"(37.0902, -95.7129)",NBA,https://instagram.com/g.green14
Blake Griffin,United States,"(37.0902, -95.7129)",NBA,https://instagram.com/blakegriffin23
Dwight Howard,United States,"(37.0902, -95.7129)",NBA,https://instagram.com/dwighthoward
Andre Iguodala,United States,"(37.0902, -95.7129)",NBA,https://instagram.com/andre
Derrick Jones Jr.,United States,"(37.0902, -95.7129)",NBA,https://instagram.com/therea1djones
Zach LaVine,United States,"(37.0902, -95.7129)",NBA,https://instagram.com/zachlavine8
JaVale McGee,United States,"(37.0902, -95.7129)",NBA,https://instagram.com/javalemcgee
Donovan Mitchell,United States,"(37.0902, -95.7129)",NBA,https://instagram.com/spidadmitchell
Larry Nance Jr.,United States,"(37.0902, -95.7129)",NBA,https://instagram.com/larrydn7
Victor Oladipo,United States,"(37.0902, -95.7129)",NBA,https://instagram.com/vicoladipo
Glenn Robinson III,United States,"(37.0902, -95.7129)",NBA,https://instagram.com/glennrobinson3
Terrence Ross,United States,"(37.0902, -95.7129)",NBA,https://instagram.com/terrence
Anfernee Simons,"Altamonte Springs, United States","(28.6611089, -81.3656242)",NBA,https://instagram.com/antsimons
Dennis Smith Jr.,United States,"(37.0902, -95.7129)",NBA,https://instagram.com/desmith4
Obi Toppin,"Brooklyn, United States","(40.6781784, -73.9441579)",NBA,https://instagram.com/obitoppin_1
John Wall,United States,"(37.0902, -95.7129)",NBA,https://instagram.com/johnwall
Brent Barry,United States,"(37.0902, -95.7129)",FORMER NBA,https://instagram.com/barryathree
DeCovan Kadell Brown,United States,"(37.0902, -95.7129)",FORMER NBA,https://instagram.com/deebrown_og
Kobe Bryant,United States,"(37.0902, -95.7129)",FORMER NBA,N/A
Chase Budinger,United States,"(37.0902, -95.7129)",FORMER NBA,https://instagram.com/budinger10
Chris Carr,United States,"(37.0902, -95.7129)",FORMER NBA,N/A
Vince Carter,United States,"(37.0902, -95.7129)",FORMER NBA,https://instagram.com/vincecarter15_official
Cedric Ceballos,United States,"(37.0902, -95.7129)",FORMER NBA,https://instagram.com/cedceballos
Clyde Drexler,United States,"(37.0902, -95.7129)",FORMER NBA,N/A
Julius Erving,United States,"(37.0902, -95.7129)",FORMER NBA,https://instagram.com/juliuserving
Michael Finley,United States,"(37.0902, -95.7129)",FORMER NBA,https://instagram.com/michaelfinley4
Steve Francis,United States,"(37.0902, -95.7129)",FORMER NBA,https://instagram.com/steve_franchise3
Darrell Griffith,"Louisville, United States","(38.2526647, -85.7584557)",FORMER NBA,N/A
Larry Johnson,United States,"(37.0902, -95.7129)",FORMER NBA,https://instagram.com/larryjohnsonnba
Fred Jones,United States,"(37.0902, -95.7129)",FORMER NBA,N/A
Michael Jordan,United States,"(37.0902, -95.7129)",FORMER NBA,https://instagram.com/jumpman23
Shawn Kemp,United States,"(37.0902, -95.7129)",FORMER NBA,N/A
Jerome Kersey,United States,"(37.0902, -95.7129)",FORMER NBA,https://instagram.com/jeromekerseyfoundation
Desmond Mason,United States,"(37.0902, -95.7129)",FORMER NBA,N/A
Harold Miner,United States,"(37.0902, -95.7129)",FORMER NBA,N/A
Larry Nance,United States,"(37.0902, -95.7129)",FORMER NBA,https://instagram.com/larrynancesr
Robert Pack,United States,"(37.0902, -95.7129)",FORMER NBA,https://instagram.com/therobertpackorganization
Jason Richardson,United States,"(37.0902, -95.7129)",FORMER NBA,https://instagram.com/richboyz23
Isaiah Rider,United States,"(37.0902, -95.7129)",FORMER NBA,https://instagram.com/isaiahrider34
Nathaniel Robinson,United States,"(37.0902, -95.7129)",FORMER NBA,https://instagram.com/naterobinson
Josh Smith,United States,"(37.0902, -95.7129)",FORMER NBA,N/A
Kenny Smith,United States,"(37.0902, -95.7129)",FORMER NBA,https://instagram.com/kennysmith
Terence Stansbury,United States,"(37.0902, -95.7129)",FORMER NBA,N/A
DeShawn Stevenson,United States,"(37.0902, -95.7129)",FORMER NBA,N/A
Amar'e Stoudemire,United States,"(37.0902, -95.7129)",FORMER NBA,https://instagram.com/amareisreal
Kenny Walker,United States,"(37.0902, -95.7129)",FORMER NBA,N/A
Gerald Wallace,United States,"(37.0902, -95.7129)",FORMER NBA,N/A
Clarence Weatherspoon,United States,"(37.0902, -95.7129)",FORMER NBA,N/A
Spud Webb,United States,"(37.0902, -95.7129)",FORMER NBA,https://instagram.com/spudwebb86
Dominique Wilkins,United States,"(37.0902, -95.7129)",FORMER NBA,https://instagram.com/DominiqueWilkins21
Orlando Woolridge,United States,"(37.0902, -95.7129)",FORMER NBA,N/A
Doug Anderson,"Kalamazoo, United States","(42.2917069, -85.5872286)",PRO,https://instagram.com/itsfresh_23
Connor Barth,United States,"(37.0902, -95.7129)",PRO,https://instagram.com/basketbarth
Elijah Bonds,"Los Angeles , United States","(34.0522342, -118.2436849)",PRO,https://instagram.com/elijahbonds
Myree Bowden,United States,"(37.0902, -95.7129)",PRO,https://instagram.com/reemix05
David Carlos,Philippines,"(12.879721, 121.774017)",PRO,https://instagram.com/airdavid3
Jonathan Clark,United States,"(37.0902, -95.7129)",PRO,https://instagram.com/jclarkthejumper
Dexton Crutchfield,United States,"(37.0902, -95.7129)",PRO,https://instagram.com/dexton4
Tyler Currie,"Los Angeles, United States","(34.0522342, -118.2436849)",PRO,https://instagram.com/t.currie
Kristaps Dargais,Latvia,"(56.879635, 24.603189)",PRO,https://instagram.com/k_dargais
Justin Darlington,Canada,"(56.130366, -106.346771)",PRO,https://instagram.com/jusflyy
Chen Dengxing,China,"(35.86166, 104.195397)",PRO,N/A
Kenny Dobbs,United States,"(37.0902, -95.7129)",PRO,https://instagram.com/thekennydobbs
Elie Dondon,"SHERBROOKE, Canada","(45.4041718, -71.8929107)",PRO,https://instagram.com/eliecopterdunk
Guy Dupuy,"Bobigny, France","(48.908612, 2.439712)",PRO,https://instagram.com/therealfrequentflyer
Marco Favretto,"Milan, Italy","(45.4642035, 9.189982)",PRO,https://instagram.com/marco_mrjump
Remco Frankin,"Huizen, Netherlands","(52.2994652, 5.2433925)",PRO,https://instagram.com/remcofrankin
Bruno Goncalves,Portugal,"(39.39987199999999, -8.224454)",PRO,N/A
Piotr Grabowski,Poland,"(51.919438, 19.145136)",PRO,https://instagram.com/grabo_dunks
Jamal Harris,United States,"(37.0902, -95.7129)",PRO,https://instagram.com/ayojamall
Roman Hashkov,Hungary,"(47.162494, 19.5033041)",PRO,N/A
Joel Henry,"London , United Kingdom","(51.5073509, -0.1277583)",PRO,https://instagram.com/iamtheroyalguard
Daniel Holienkov,"Zaporizhzhia, Ukraine","(47.8388, 35.139567)",PRO,https://instagram.com/danya.golenkov
Chris John,United States,"(37.0902, -95.7129)",PRO,https://instagram.com/cj_champion
Daniel Kabeya,"Toronto, Canada","(43.653226, -79.3831843)",PRO,https://instagram.com/danielnkabeya
Kevin Kemp,United States,"(37.0902, -95.7129)",PRO,https://instagram.com/kevinkemp253
Jordan Kilganon,"Greater Sudbury, Canada","(46.4917317, -80.99302899999999)",PRO,https://instagram.com/jordankilganon
Dmitrii Krivenko,Ukraine,"(48.379433, 31.1655799)",PRO,https://instagram.com/smooveukraine
Brandon LaCue,United States,"(37.0902, -95.7129)",PRO,https://instagram.com/werm_22
Yohan Lemay,France,"(46.227638, 2.213749)",PRO,https://instagram.com/yohanlemay
Rafal Lipinski,Poland,"(51.919438, 19.145136)",PRO,https://instagram.com/lipekbasketball
Porter Mabbery,United States,"(37.0902, -95.7129)",PRO,https://instagram.com/th3dunkking
Andrew Mcfly,"Los Angeles, United States","(34.0522342, -118.2436849)",PRO,https://instagram.com/andrew.mcfly
Loïc Moitry,France,"(46.227638, 2.213749)",PRO,https://instagram.com/loic.slamdunk.moitry
Guy Oliver,United States,"(37.0902, -95.7129)",PRO,https://instagram.com/olivertwst_
Maxwell Pearce,United States,"(37.0902, -95.7129)",PRO,https://instagram.com/maxwellpearce
Vadim Poddubchenko,Ukraine,"(48.379433, 31.1655799)",PRO,https://instagram.com/miller_dunks
Arek Przybylski,Poland,"(51.919438, 19.145136)",PRO,N/A
Michael Purdie Jr.,United States,"(37.0902, -95.7129)",PRO,https://instagram.com/michaelpurdie
Isaiah Rivera,United States,"(37.0902, -95.7129)",PRO,https://instagram.com/isaiahrivera1
Jared Roth,"Tucson, United States","(32.2226066, -110.9747108)",PRO,https://instagram.com/Jroth6bounce
Emeric Salaks,"Paris, France","(48.856614, 2.3522219)",PRO,https://instagram.com/emeric.slk
Aleksandr Shalygin,Russian Federation,"(61.52401, 105.318756)",PRO,https://instagram.com/shaldunk
Jordan Southerland,United States,"(37.0902, -95.7129)",PRO,https://instagram.com/jordansoutherland25
Cassius Stanley,"Los Angeles, United States","(34.0522342, -118.2436849)",PRO,https://instagram.com/cassiusstanley
Chris Staples,United States,"(37.0902, -95.7129)",PRO,https://instagram.com/everybody_hatechriss
Brodie Stephens,Australia,"(-25.274398, 133.775136)",PRO,https://instagram.com/brodiestephens_
Chris Sunda,"Paris, France","(48.856614, 2.3522219)",PRO,https://instagram.com/Chris.got.bounce
Devaughn Washington,United States,"(37.0902, -95.7129)",PRO,https://instagram.com/dwashington1
Issac White,United States,"(37.0902, -95.7129)",PRO,https://instagram.com/thesirissac1
Zhang Yixun,China,"(35.86166, 104.195397)",PRO,N/A
Gediminas Zitlinskas,Lithuania,"(55.169438, 23.881275)",PRO,https://instagram.com/zgedma
Brett Allen,"Sedalia , United States","(38.7044609, -93.2282613)",AMATEUR,https://instagram.com/Ba_gymrat
Dan  Andric,"Saint-Julien-en-Genevois , France","(46.144516, 6.081338)",AMATEUR,https://instagram.com/dan.andric
Brx Aurel,"Saint germain , France","(48.898908, 2.093761)",AMATEUR,https://instagram.com/O.n.e.a.b
Thomas  Barnes,"Perth, Australia","(-31.9523123, 115.861309)",AMATEUR,https://instagram.com/tom.dunks
Maksim Barsukov,"Bryansk , Russian Federation","(53.2635306, 34.41611)",AMATEUR,https://instagram.com/monikbarsuk
Rob Beattie,"Windsor , Canada","(42.3149367, -83.03636329999999)",AMATEUR,https://instagram.com/Robcanshoot
Ridouane Bouchoua,"Florange, France","(49.321374, 6.118281899999999)",AMATEUR,https://instagram.com/ghost_dunker
Salvatore  Caruso,"Milano , Italy","(45.4642035, 9.189982)",AMATEUR,N/A
Obi Chamberlain,"Mount Pleasant, United States","(32.8323225, -79.82842579999999)",AMATEUR,https://instagram.com/Obi.dunks
Sage Church,"Pollocksville, United States","(35.0059914, -77.2210654)",AMATEUR,N/A
Igor  Daniel,"Brasilia , Brazil","(-15.7975174, -47.8918881)",AMATEUR,https://instagram.com/tottusdunks
Adam Dempsey,"Reading, United States","(37.09024, -95.712891)",AMATEUR,https://instagram.com/Adamdebuns
Matthias Desmarest,"Le mans , France","(48.00611000000001, 0.199556)",AMATEUR,https://instagram.com/matthdest
Matt DiGuardia,"Milford, United States","(41.2306979, -73.064036)",AMATEUR,https://instagram.com/diggydtst
Elisee  Dondon,"Sherbrooke , Canada","(45.4041718, -71.8929107)",AMATEUR,https://instagram.com/Ez_dondon7
John Dondon,"Sherbrooke, Canada","(45.4041718, -71.8929107)",AMATEUR,https://instagram.com/Johndondon_5
Crackerjack dunks,"Renick, United States","(39.3428148, -92.4137908)",AMATEUR,https://instagram.com/crackerjackdunks
Andrew Edhouse,"Goldcoast, Australia","(-28.016667, 153.4)",AMATEUR,https://instagram.com/Teatreaart
Kercy Grant Ekeu,"Douala, Cameroon","(4.0510564, 9.7678687)",AMATEUR,https://instagram.com/Kercydunk
Austin Ely,"Raleigh, United States","(35.7795897, -78.6381787)",AMATEUR,https://instagram.com/Austin_elyy
Moussa Fares,"Brooklyn, United States","(40.6781784, -73.9441579)",AMATEUR,https://instagram.com/moosedunks
Desmond Faulcon,United States,"(37.0902, -95.7129)",AMATEUR,https://instagram.com/desmondf12
Sam Fitzgerald,"Melbourne , Australia","(-37.8136276, 144.9630576)",AMATEUR,https://instagram.com/fitzy_dunks
MAISAN Florian,"Lyon, France","(45.764043, 4.835659)",AMATEUR,https://instagram.com/florianmaisan
Carlo Mauricio Garcia Vargas,"Mexico, Mexico","(23.634501, -102.552784)",AMATEUR,https://instagram.com/jumpmau
Nathan George,"Norwich, United Kingdom","(52.6308859, 1.297355)",AMATEUR,https://instagram.com/nathan_dunks_
Jaya Goodwill,"Perth, Australia","(-31.9523123, 115.861309)",AMATEUR,https://instagram.com/Jayagoodwill
Raphaël Gracias,"Dieppe, France","(49.922992, 1.077483)",AMATEUR,https://instagram.com/raphael_gracias
Alexey Groza,"Krasnodar, Russian Federation","(45.036035, 38.97457060000001)",AMATEUR,https://instagram.com/alexeygroza
Elias Gundorf,"Allested, Denmark","(55.270498, 10.314978)",AMATEUR,N/A
Gustavo Haakin,"São Paulo, Brazil","(-23.5557714, -46.6395571)",AMATEUR,N/A
Cordel Hardley,"Charleston , United States","(32.7764749, -79.93105120000001)",AMATEUR,https://instagram.com/Cordel_Dunks
Joel Herreen,"Kuching, Malaysia","(1.553504, 110.3592927)",AMATEUR,https://instagram.com/Joeltries.tofly
Jalen Hinds,"Hyde park, United States","(41.7667602, -73.9015246)",AMATEUR,https://instagram.com/Dunkforever_j
Mik Hrabczuk,"Phoenix, United States","(33.4483771, -112.0740373)",AMATEUR,https://instagram.com/Mikhrabczuk
Justinas Jogminas,Lithuania,"(55.169438, 23.881275)",AMATEUR,https://instagram.com/jogmins24
Javon Jones,"Shorewood , United States","(43.0891787, -87.8875848)",AMATEUR,https://instagram.com/Kidrise20
Pedro Kauan,"Pirenópolis, Brazil","(-15.8521031, -48.95907949999999)",AMATEUR,https://instagram.com/pkdunks
Alexandre Lehmann,"Düsseldorf, Germany","(51.2277411, 6.7734556)",AMATEUR,https://instagram.com/Alex.Leh11
Joshua Lemons,"Panamá , Panama","(8.537981, -80.782127)",AMATEUR,https://instagram.com/a.k.a.thejumper
Damián Le Nouaille Diez,"Paris, France","(48.856614, 2.3522219)",AMATEUR,https://instagram.com/damln
Weihao Li,"Beijing, China","(39.90419989999999, 116.4073963)",AMATEUR,N/A
Aladji Magassa,"Doha, Qatar","(25.2854473, 51.53103979999999)",AMATEUR,N/A
Egor Maksimchuk,"zaporozhye, Ukraine","(47.8388, 35.139567)",AMATEUR,https://instagram.com/flylight_dunk
Steven Maldonado,"Miami, United States","(25.7616798, -80.1917902)",AMATEUR,https://instagram.com/flysteezo
Jason McCoy,"Detroit, United States","(42.331427, -83.0457538)",AMATEUR,https://instagram.com/jay_smoove313
Ballo Mike,"Paris, France","(48.856614, 2.3522219)",AMATEUR,https://instagram.com/Smike02
Adam Millican,"Houston, United States","(29.7604267, -95.3698028)",AMATEUR,https://instagram.com/Adam_dunks
Jackson Morris,"Melbourne, Australia","(-37.8136276, 144.9630576)",AMATEUR,https://instagram.com/whiteflight2.0
Jason Norman,United States,"(37.0902, -95.7129)",AMATEUR,https://instagram.com/jtn2nd
deez nutz,"Fort Carson, United States","(38.7374943, -104.7888615)",AMATEUR,N/A
Alejandro Jr Olaco,"Hobart , Australia","(-42.8826055, 147.3257197)",AMATEUR,https://instagram.com/alejandrojr_olaco
Andrea  Pedrazzini,"Concorezzo , Italy","(45.5933968, 9.336817500000002)",AMATEUR,https://instagram.com/andrea.ptrainer
Aleksandr  Petrov,"Кропивницкий, Ukraine","(48.50793300000001, 32.262317)",AMATEUR,https://instagram.com/WhiteJump22
Loic Pongnian,"Chennevières-sur-Marne, France","(48.796124, 2.53507)",AMATEUR,https://instagram.com/Trax_basket
Travis  Reynolds,"Charlotte North Carolina, United States","(35.2270869, -80.8431267)",AMATEUR,https://instagram.com/TravisDunks
Inou Ridder,"Barcelona, Netherlands","(52.3627164, 4.8736668)",AMATEUR,N/A
Luke Robinson,"Fort Carson, United States","(38.7374943, -104.7888615)",AMATEUR,https://instagram.com/Futureprodunker
NOE ROSAS CID,"PUEBLA DE LOS ANGELES, Mexico","(19.0414398, -98.2062727)",AMATEUR,N/A
Iman Safar Nezhad,"Tehran, Iran, Islamic Republic of","(35.6891975, 51.3889736)",AMATEUR,https://instagram.com/Its_iman
Suhaify Sani,"Singapore, Singapore","(1.352083, 103.819836)",AMATEUR,https://instagram.com/suhaifyy
Shamero Sawsiet,"Kuala Lumpur, Malaysia","(3.139003, 101.686855)",AMATEUR,https://instagram.com/shamero_sawsiet
Anas SOUABNI,"London, United Kingdom","(51.5073509, -0.1277583)",AMATEUR,N/A
Stelios Soutis,"Athens, Greece","(37.9838096, 23.7275388)",AMATEUR,https://instagram.com/Thaflyingpilot
Oleg Sushko,"Zaporozhye , Ukraine","(47.8388, 35.139567)",AMATEUR,https://instagram.com/twist_dunks
Gracia Tanyikoy,"Vaulx-en-Velin, France","(45.782029, 4.922661)",AMATEUR,N/A
Saim Thomas,"Accra, Ghana","(5.6037168, -0.1869644)",AMATEUR,https://instagram.com/_tom_fitness
Loic Vadcard,"Paris, France","(48.856614, 2.3522219)",AMATEUR,https://instagram.com/largodunk
Dakota Yorgesen,"Ammon, United States","(43.4696366, -111.9666355)",AMATEUR,N/A
Guilhem Bangala,"Paris, France","(48.856614, 2.3522219)",FORMER,https://instagram.com/papa_gui12
Justin Barber,"Lexington, United States","(38.0405837, -84.5037164)",FORMER,N/A
Kirill Miroshnichenko,"Cherepovets , Russian Federation","(59.132333, 37.9091811)",FORMER,https://instagram.com/miroshn1chenko
Dan Rogojan,"Baia Mare, Romania","(47.6567387, 23.5849881)",FORMER,N/A
Dali Taamallah,"Neuilly Plaisance , France","(48.865205, 2.509142)",FORMER,N/A
Kadour Ziani,"Saint-Dizier, France","(48.637692, 4.947418)",FORMER,https://instagram.com/kadour_ziani_official
